bodyPart,equipment,name,target
waist,body weight,3/4 sit-up,abs
waist,body weight,alternate heel touchers,abs
back,cable,alternate lateral pulldown,back
lower legs,body weight,ankle circles,legs
back,body weight,archer pull up,back
chest,body weight,archer push up,chest
waist,body weight,arm slingers hanging bent knee legs,abs
waist,body weight,arm slingers hanging straight legs,abs
upper legs,body weight,arms apart circular toe touch (male),legs
waist,body weight,arms overhead full sit-up (male),abs
chest,leverage machine,assisted chest dip (kneeling),chest
waist,assisted,assisted hanging knee raise,abs
waist,assisted,assisted hanging knee raise with throw down,abs
lower legs,assisted,assisted lying calves stretch,legs
upper legs,assisted,assisted lying glutes stretch,legs
upper legs,assisted,assisted lying gluteus and piriformis stretch,legs
waist,assisted,assisted lying leg raise with lateral throw down,abs
waist,assisted,assisted lying leg raise with throw down,abs
waist,medicine ball,assisted motion russian twist,abs
back,leverage machine,assisted parallel close grip pull-up,back
upper legs,assisted,assisted prone hamstring,legs
upper legs,assisted,assisted prone lying quads stretch,legs
waist,assisted,assisted prone rectus femoris stretch,abs
back,leverage machine,assisted pull-up,back
chest,assisted,assisted seated pectoralis major stretch with stability ball,chest
upper legs,assisted,assisted side lying adductor stretch,legs
waist,assisted,assisted sit-up,abs
back,leverage machine,assisted standing chin-up,back
back,leverage machine,assisted standing pull-up,back
upper arms,assisted,assisted standing triceps extension (with towel),arms
upper arms,leverage machine,assisted triceps dip (kneeling),arms
chest,leverage machine,assisted wide-grip chest dip (kneeling),chest
cardio,body weight,astride jumps (male),cardio
cardio,body weight,back and forth step,cardio
back,stability ball,back extension on exercise ball,back
back,body weight,back lever,back
back,body weight,back pec stretch,back
upper legs,body weight,backward jump,legs
upper legs,body weight,balance board,legs
upper arms,band,band alternating biceps curl,arms
waist,band,band alternating v-up,abs
back,band,band assisted pull-up,back
waist,band,band assisted wheel rollerout,abs
chest,band,band bench press,chest
upper legs,band,band bent-over hip extension,legs
waist,band,band bicycle crunch,abs
back,band,band close-grip pulldown,back
upper arms,band,band close-grip push-up,arms
upper arms,band,band concentration curl,arms
back,band,band fixed back close grip pulldown,back
back,band,band fixed back underhand pulldown,back
shoulders,band,band front lateral raise,shoulders
shoulders,band,band front raise,shoulders
upper legs,band,band hip lift,legs
waist,band,band horizontal pallof press,abs
waist,band,band jack knife sit-up,abs
back,band,band kneeling one arm pulldown,back
waist,band,band kneeling twisting crunch,abs
upper legs,band,band lying hip internal rotation,legs
waist,band,band lying straight leg raise,abs
upper arms,band,band one arm overhead biceps curl,arms
upper legs,band,band one arm single leg split squat,legs
back,band,band one arm standing low row,back
chest,band,band one arm twisting chest press,chest
back,band,band one arm twisting seated row,back
upper legs,band,band pull through,legs
waist,band,band push sit-up,abs
shoulders,band,band reverse fly,shoulders
lower arms,band,band reverse wrist curl,arms
upper legs,band,band seated hip internal rotation,legs
waist,band,band seated twist,abs
shoulders,band,band shoulder press,shoulders
back,band,band shrug,back
upper arms,band,band side triceps extension,arms
lower legs,band,band single leg calf raise,legs
lower legs,band,band single leg reverse calf raise,legs
upper legs,band,band single leg split squat,legs
upper legs,band,band squat,legs
upper legs,band,band squat row,legs
waist,band,band standing crunch,abs
shoulders,band,band standing rear delt row,shoulders
waist,band,band standing twisting crunch,abs
upper legs,band,band step-up,legs
upper legs,band,band stiff leg deadlift,legs
upper legs,band,band straight back stiff leg deadlift,legs
back,band,band straight leg deadlift,back
shoulders,band,band twisting overhead press,shoulders
lower legs,band,band two legs calf raise - (band under both legs) v. 2,legs
back,band,band underhand pulldown,back
waist,band,band v-up,abs
waist,band,band vertical pallof press,abs
lower arms,band,band wrist curl,arms
shoulders,band,band y-raise,shoulders
upper arms,barbell,barbell alternate biceps curl,arms
upper legs,barbell,barbell bench front squat,legs
chest,barbell,barbell bench press,chest
upper legs,barbell,barbell bench squat,legs
back,barbell,barbell bent arm pullover,back
back,barbell,barbell bent over row,back
upper arms,barbell,barbell biceps curl (with arm blaster),arms
upper legs,barbell,barbell clean and press,legs
upper legs,barbell,barbell clean-grip front squat,legs
upper arms,barbell,barbell close-grip bench press,arms
upper arms,barbell,barbell curl,arms
upper legs,barbell,barbell deadlift,legs
chest,barbell,barbell decline bench press,chest
back,barbell,barbell decline bent arm pullover,back
upper arms,barbell,barbell decline close grip to skull press,arms
chest,barbell,barbell decline pullover,chest
chest,barbell,barbell decline wide-grip press,chest
back,barbell,barbell decline wide-grip pullover,back
upper arms,barbell,barbell drag curl,arms
lower legs,barbell,barbell floor calf raise,legs
upper legs,barbell,barbell front chest squat,legs
shoulders,barbell,barbell front raise,shoulders
chest,barbell,barbell front raise and pullover,chest
upper legs,barbell,barbell front squat,legs
upper legs,barbell,barbell full squat,legs
upper legs,barbell,barbell full squat (back pov),legs
upper legs,barbell,barbell full squat (side pov),legs
upper legs,barbell,barbell full zercher squat,legs
upper legs,barbell,barbell glute bridge,legs
upper legs,barbell,barbell glute bridge two legs on bench (male),legs
upper legs,barbell,barbell good morning,legs
chest,barbell,barbell guillotine bench press,chest
upper legs,barbell,barbell hack squat,legs
upper legs,barbell,barbell high bar squat,legs
chest,barbell,barbell incline bench press,chest
upper arms,barbell,barbell incline close grip bench press,arms
upper arms,barbell,barbell incline reverse-grip press,arms
back,barbell,barbell incline row,back
chest,barbell,barbell incline shoulder raise,back
upper legs,barbell,barbell jefferson squat,legs
upper arms,barbell,barbell jm bench press,arms
upper legs,barbell,barbell jump squat,legs
upper legs,barbell,barbell lateral lunge,legs
upper legs,barbell,barbell low bar squat,legs
upper legs,barbell,barbell lunge,legs
upper arms,barbell,barbell lying back of the head tricep extension,arms
upper arms,barbell,barbell lying close-grip press,arms
upper arms,barbell,barbell lying close-grip triceps extension,arms
upper arms,barbell,barbell lying extension,arms
upper legs,barbell,barbell lying lifting (on hip),legs
upper arms,barbell,barbell lying preacher curl,arms
upper arms,barbell,barbell lying triceps extension,arms
upper arms,barbell,barbell lying triceps extension skull crusher,arms
upper legs,barbell,barbell narrow stance squat,legs
back,barbell,barbell one arm bent over row,back
upper arms,barbell,barbell one arm floor press,arms
upper legs,barbell,barbell one arm side deadlift,legs
shoulders,barbell,barbell one arm snatch,shoulders
upper legs,barbell,barbell one leg squat,legs
upper legs,barbell,barbell overhead squat,legs
lower arms,barbell,barbell palms down wrist curl over a bench,arms
lower arms,barbell,barbell palms up wrist curl over a bench,arms
back,barbell,barbell pendlay row,back
upper arms,barbell,barbell pin presses,arms
upper arms,barbell,barbell preacher curl,arms
waist,barbell,barbell press sit-up,abs
upper arms,barbell,barbell prone incline curl,arms
back,barbell,barbell pullover,back
back,barbell,barbell pullover to press,back
upper legs,barbell,barbell rack pull,legs
shoulders,barbell,barbell rear delt raise,shoulders
shoulders,barbell,barbell rear delt row,shoulders
upper legs,barbell,barbell rear lunge,legs
upper legs,barbell,barbell rear lunge v. 2,legs
lower arms,barbell,barbell revers wrist curl v. 2,arms
upper arms,barbell,barbell reverse close-grip bench press,arms
upper arms,barbell,barbell reverse curl,arms
back,barbell,barbell reverse grip bent over row,back
chest,barbell,barbell reverse grip decline bench press,chest
chest,barbell,barbell reverse grip incline bench press,chest
back,barbell,barbell reverse grip incline bench row,back
upper arms,barbell,barbell reverse grip skullcrusher,arms
upper arms,barbell,barbell reverse preacher curl,arms
lower arms,barbell,barbell reverse wrist curl,arms
waist,barbell,barbell rollerout,abs
waist,barbell,barbell rollerout from bench,abs
upper legs,barbell,barbell romanian deadlift,legs
shoulders,barbell,barbell seated behind head military press,shoulders
shoulders,barbell,barbell seated bradford rocky press,shoulders
lower legs,barbell,barbell seated calf raise,legs
lower legs,barbell,barbell seated calf raise,legs
upper arms,barbell,barbell seated close grip behind neck triceps extension,arms
upper arms,barbell,barbell seated close-grip concentration curl,arms
upper legs,barbell,barbell seated good morning,legs
shoulders,barbell,barbell seated overhead press,shoulders
upper arms,barbell,barbell seated overhead triceps extension,arms
waist,barbell,barbell seated twist,abs
back,barbell,barbell shrug,back
waist,barbell,barbell side bent v. 2,abs
upper legs,barbell,barbell side split squat,legs
upper legs,barbell,barbell side split squat v. 2,legs
upper legs,barbell,barbell single leg deadlift,legs
upper legs,barbell,barbell single leg split squat,legs
waist,barbell,barbell sitted alternate leg raise,abs
waist,barbell,barbell sitted alternate leg raise (female),abs
shoulders,barbell,barbell skier,shoulders
upper legs,barbell,barbell speed squat,legs
upper legs,barbell,barbell split squat v. 2,legs
upper legs,barbell,barbell squat (on knees),legs
upper legs,barbell,barbell squat jump step rear lunge,legs
waist,barbell,barbell standing ab rollerout,abs
lower arms,barbell,barbell standing back wrist curl,arms
shoulders,barbell,barbell standing bradford press,shoulders
lower legs,barbell,barbell standing calf raise,legs
upper arms,barbell,barbell standing close grip curl,arms
shoulders,barbell,barbell standing close grip military press,shoulders
upper arms,barbell,barbell standing concentration curl,arms
shoulders,barbell,barbell standing front raise over head,shoulders
lower legs,barbell,barbell standing leg calf raise,legs
upper arms,barbell,barbell standing overhead triceps extension,arms
upper arms,barbell,barbell standing reverse grip curl,arms
lower legs,barbell,barbell standing rocking leg calf raise,legs
waist,barbell,barbell standing twist,abs
upper arms,barbell,barbell standing wide grip biceps curl,arms
shoulders,barbell,barbell standing wide military press,shoulders
upper arms,barbell,barbell standing wide-grip curl,arms
upper legs,barbell,barbell step-up,legs
upper legs,barbell,barbell stiff leg good morning,legs
upper legs,barbell,barbell straight leg deadlift,legs
upper legs,barbell,barbell sumo deadlift,legs
shoulders,barbell,barbell thruster,shoulders
shoulders,barbell,barbell upright row,shoulders
shoulders,barbell,barbell upright row v. 2,shoulders
shoulders,barbell,barbell upright row v. 3,shoulders
chest,barbell,barbell wide bench press,chest
chest,barbell,barbell wide reverse grip bench press,chest
upper legs,barbell,barbell wide squat,legs
shoulders,barbell,barbell wide-grip upright row,shoulders
lower arms,barbell,barbell wrist curl,arms
lower arms,barbell,barbell wrist curl v. 2,arms
upper legs,barbell,barbell zercher squat,legs
upper legs,body weight,basic toe touch (male),legs
shoulders,rope,battling ropes,shoulders
cardio,body weight,bear crawl,cardio
chest,assisted,behind head chest stretch,chest
upper arms,body weight,bench dip (knees bent),arms
upper arms,body weight,bench dip on floor,arms
upper legs,body weight,bench hip extension,legs
back,body weight,bench pull-ups,back
upper legs,body weight,bent knee lying twist (male),legs
upper arms,body weight,biceps leg concentration curl,arms
upper arms,body weight,biceps narrow pull-ups,arms
upper arms,body weight,biceps pull-up,arms
upper arms,body weight,body-up,arms
upper legs,body weight,bodyweight drop jump squat,legs
waist,body weight,bodyweight incline side plank,abs
upper arms,body weight,bodyweight kneeling triceps extension,arms
upper arms,body weight,bodyweight side lying biceps curl,arms
back,body weight,bodyweight squatting row,back
back,body weight,bodyweight squatting row (with towel),back
lower legs,body weight,bodyweight standing calf raise,legs
back,body weight,bodyweight standing close-grip one arm row,back
back,body weight,bodyweight standing close-grip row,back
back,body weight,bodyweight standing one arm row,back
back,body weight,bodyweight standing one arm row (with towel),back
back,body weight,bodyweight standing row,back
back,body weight,bodyweight standing row (with towel),back
waist,body weight,bottoms-up,abs
lower legs,body weight,box jump down with one leg stabilization,legs
waist,body weight,bridge - mountain climber (cross body),abs
cardio,body weight,burpee,cardio
waist,body weight,butt-ups,abs
upper legs,body weight,butterfly yoga pose,legs
shoulders,cable,cable alternate shoulder press,shoulders
upper arms,cable,cable alternate triceps extension,arms
upper legs,cable,cable assisted inverse leg curl,legs
back,cable,cable bar lateral pulldown,back
chest,cable,cable bench press,chest
upper arms,cable,cable close grip curl,arms
upper arms,cable,cable concentration curl,arms
upper arms,cable,cable concentration extension (on knee),arms
back,cable,cable cross-over lateral pulldown,back
shoulders,cable,cable cross-over revers fly,shoulders
chest,cable,cable cross-over variation,chest
upper arms,cable,cable curl,arms
upper legs,cable,cable deadlift,legs
chest,cable,cable decline fly,chest
chest,cable,cable decline one arm press,chest
chest,cable,cable decline press,chest
back,cable,cable decline seated wide-grip row,back
upper arms,cable,cable drag curl,arms
back,cable,cable floor seated wide-grip row,back
shoulders,cable,cable forward raise,shoulders
shoulders,cable,cable front raise,shoulders
shoulders,cable,cable front shoulder raise,shoulders
upper arms,cable,cable hammer curl (with rope),arms
upper arms,cable,cable high pulley overhead tricep extension,arms
back,cable,cable high row (kneeling),back
upper legs,cable,cable hip adduction,legs
chest,cable,cable incline bench press,chest
back,cable,cable incline bench row,back
chest,cable,cable incline fly,chest
chest,cable,cable incline fly (on stability ball),chest
back,cable,cable incline pushdown,back
upper arms,cable,cable incline triceps extension,arms
waist,cable,cable judo flip,abs
upper arms,cable,cable kickback,arms
waist,cable,cable kneeling crunch,abs
shoulders,cable,cable kneeling rear delt row (with rope) (male),shoulders
upper arms,cable,cable kneeling triceps extension,arms
back,cable,cable lat pulldown full range of motion,back
back,cable,cable lateral pulldown (with rope attachment),back
back,cable,cable lateral pulldown with v-bar,back
shoulders,cable,cable lateral raise,shoulders
chest,cable,cable low fly,chest
back,cable,cable low seated row,back
upper arms,cable,cable lying bicep curl,arms
upper arms,cable,cable lying close-grip curl,arms
back,cable,cable lying extension pullover (with rope attachment),back
chest,cable,cable lying fly,chest
upper arms,cable,cable lying triceps extension v. 2,arms
chest,cable,cable middle fly,chest
back,cable,cable one arm bent over row,back
upper arms,cable,cable one arm curl,arms
chest,cable,cable one arm decline chest fly,chest
chest,cable,cable one arm fly on exercise ball,chest
chest,cable,cable one arm incline fly on exercise ball,chest
chest,cable,cable one arm incline press,chest
chest,cable,cable one arm incline press on exercise ball,chest
chest,cable,cable one arm lateral bent-over,chest
shoulders,cable,cable one arm lateral raise,shoulders
upper arms,cable,cable one arm preacher curl,arms
chest,cable,cable one arm press on exercise ball,chest
back,cable,cable one arm pulldown,back
upper arms,cable,cable one arm reverse preacher curl,arms
back,cable,cable one arm straight back high row (kneeling),back
upper arms,cable,cable one arm tricep pushdown,arms
upper arms,cable,cable overhead curl,arms
upper arms,cable,cable overhead curl on exercise ball,arms
upper arms,cable,cable overhead triceps extension (rope attachment),arms
back,cable,cable palm rotational row,back
upper arms,cable,cable preacher curl,arms
chest,cable,cable press on exercise ball,chest
upper legs,cable,cable pull through (with rope),legs
back,cable,cable pulldown,back
back,cable,cable pulldown (pro lat bar),back
upper arms,cable,cable pulldown bicep curl,arms
upper arms,cable,cable pushdown,arms
back,cable,cable pushdown (straight arm) v. 2,back
upper arms,cable,cable pushdown (with rope attachment),arms
shoulders,cable,cable rear delt row (stirrups),shoulders
shoulders,cable,cable rear delt row (with rope),shoulders
upper arms,cable,cable rear drive,arms
back,cable,cable rear pulldown,back
waist,cable,cable reverse crunch,abs
upper arms,cable,cable reverse curl,arms
upper arms,cable,cable reverse grip triceps pushdown (sz-bar) (with arm blaster),arms
upper arms,cable,cable reverse one arm curl,arms
upper arms,cable,cable reverse preacher curl,arms
lower arms,cable,cable reverse wrist curl,arms
upper arms,cable,cable reverse-grip pushdown,arms
back,cable,cable reverse-grip straight back seated high row,back
back,cable,cable rope crossover seated row,back
back,cable,cable rope elevated seated row,back
back,cable,cable rope extension incline bench row,back
upper arms,cable,cable rope hammer preacher curl,arms
upper arms,cable,cable rope high pulley overhead tricep extension,arms
upper arms,cable,cable rope incline tricep extension,arms
upper arms,cable,cable rope lying on floor tricep extension,arms
upper arms,cable,cable rope one arm hammer preacher curl,arms
back,cable,cable rope seated row,back
waist,cable,cable russian twists (on stability ball),abs
chest,cable,cable seated chest press,chest
waist,cable,cable seated crunch,abs
upper arms,cable,cable seated curl,arms
back,cable,cable seated high row (v-bar),back
back,cable,cable seated one arm alternate row,back
upper arms,cable,cable seated one arm concentration curl,arms
upper arms,cable,cable seated overhead curl,arms
shoulders,cable,cable seated rear lateral raise,shoulders
back,cable,cable seated row,back
shoulders,cable,cable seated shoulder internal rotation,shoulders
waist,cable,cable seated twist,abs
back,cable,cable seated wide-grip row,back
shoulders,cable,cable shoulder press,shoulders
back,cable,cable shrug,back
waist,cable,cable side bend,abs
waist,cable,cable side bend crunch (bosu ball),abs
waist,cable,cable side crunch,abs
back,cable,cable squat row (with rope attachment),back
upper arms,cable,cable squatting curl,arms
lower arms,cable,cable standing back wrist curl,arms
lower legs,cable,cable standing calf raise,legs
shoulders,cable,cable standing cross-over high reverse fly,shoulders
waist,cable,cable standing crunch,abs
waist,cable,cable standing crunch (with rope attachment),abs
chest,cable,cable standing fly,chest
upper legs,cable,cable standing hip extension,legs
upper arms,cable,cable standing inner curl,arms
waist,cable,cable standing lift,abs
upper arms,cable,cable standing one arm triceps extension,arms
lower legs,cable,cable standing one leg calf raise,legs
upper arms,cable,cable standing pulldown (with rope),arms
shoulders,cable,cable standing rear delt row (with rope),shoulders
upper arms,cable,cable standing reverse grip one arm overhead tricep extension,arms
back,cable,cable standing row (v-bar),back
shoulders,cable,cable standing shoulder external rotation,shoulders
back,cable,cable standing twist row (v-bar),back
chest,cable,cable standing up straight crossovers,chest
back,cable,cable straight arm pulldown,back
back,cable,cable straight arm pulldown (with rope),back
back,cable,cable straight back seated row,back
shoulders,cable,cable supine reverse fly,shoulders
back,cable,cable thibaudeau kayak row,back
upper arms,cable,cable triceps pushdown (v-bar),arms
upper arms,cable,cable triceps pushdown (v-bar) (with arm blaster),arms
waist,cable,cable tuck reverse crunch,abs
waist,cable,cable twist,abs
waist,cable,cable twist (up-down),abs
back,cable,cable twisting pull,back
upper arms,cable,cable two arm curl on incline bench,arms
upper arms,cable,cable two arm tricep kickback,arms
back,cable,cable underhand pulldown,back
chest,cable,cable upper chest crossovers,chest
back,cable,cable upper row,back
shoulders,cable,cable upright row,shoulders
back,cable,cable wide grip rear pulldown behind neck,back
lower arms,cable,cable wrist curl,arms
lower legs,body weight,calf push stretch with hands against wall,legs
lower legs,body weight,calf stretch with hands against wall,legs
lower legs,rope,calf stretch with rope,legs
back,barbell,cambered bar lying row,back
waist,body weight,captains chair straight leg raise,abs
upper legs,body weight,chair leg extended stretch,legs
chest,body weight,chest and front of shoulder stretch,chest
chest,body weight,chest dip,chest
chest,body weight,chest dip (on dip-pull-up cage),chest
chest,body weight,chest dip on straight bar,chest
chest,stability ball,chest stretch with exercise ball,chest
chest,body weight,chest tap push-up (male),chest
back,body weight,chin-up,back
back,body weight,chin-ups (narrow parallel grip),back
lower legs,body weight,circles knee stretch,legs
chest,body weight,clap push up,chest
chest,body weight,clock push-up,chest
back,body weight,close grip chin-up,back
upper arms,body weight,close-grip push-up,arms
upper arms,body weight,close-grip push-up (on knees),arms
waist,body weight,cocoons,abs
waist,body weight,crab twist toe touch,abs
waist,body weight,cross body crunch,abs
waist,body weight,crunch (hands overhead),abs
waist,stability ball,crunch (on stability ball),abs
waist,stability ball,"crunch (on stability ball, arms straight)",abs
waist,body weight,crunch floor,abs
waist,body weight,curl-up,abs
upper legs,body weight,curtsey squat,legs
cardio,leverage machine,cycle cross trainer,cardio
waist,body weight,dead bug,abs
waist,body weight,decline crunch,abs
chest,body weight,decline push-up,chest
waist,body weight,decline sit-up,abs
chest,dumbbell,deep push up,chest
upper arms,body weight,diamond push-up,arms
lower legs,body weight,donkey calf raise,legs
chest,body weight,drop push up,chest
upper arms,dumbbell,dumbbell alternate biceps curl,arms
upper arms,dumbbell,dumbbell alternate biceps curl (with arm blaster),arms
upper arms,dumbbell,dumbbell alternate hammer preacher curl,arms
upper arms,dumbbell,dumbbell alternate preacher curl,arms
upper arms,dumbbell,dumbbell alternate seated hammer curl,arms
shoulders,dumbbell,dumbbell alternate side press,shoulders
upper arms,dumbbell,dumbbell alternating bicep curl with leg raised on exercise ball,arms
upper arms,dumbbell,dumbbell alternating seated bicep curl on exercise ball,arms
shoulders,dumbbell,dumbbell arnold press,shoulders
shoulders,dumbbell,dumbbell arnold press v. 2,shoulders
chest,dumbbell,dumbbell around pullover,chest
chest,dumbbell,dumbbell bench press,chest
shoulders,dumbbell,dumbbell bench seated press,shoulders
upper legs,dumbbell,dumbbell bench squat,legs
back,dumbbell,dumbbell bent over row,back
upper arms,dumbbell,dumbbell bicep curl lunge with bowling motion,arms
upper arms,dumbbell,dumbbell bicep curl on exercise ball with leg raised,arms
upper arms,dumbbell,dumbbell bicep curl with stork stance,arms
upper arms,dumbbell,dumbbell biceps curl,arms
upper arms,dumbbell,dumbbell biceps curl (with arm blaster),arms
upper arms,dumbbell,dumbbell biceps curl reverse,arms
upper arms,dumbbell,dumbbell biceps curl squat,arms
upper arms,dumbbell,dumbbell biceps curl v sit on bosu ball,arms
cardio,dumbbell,dumbbell burpee,cardio
upper legs,dumbbell,dumbbell clean,legs
upper arms,dumbbell,dumbbell close grip press,arms
upper arms,dumbbell,dumbbell close-grip press,arms
upper arms,dumbbell,dumbbell concentration curl,arms
upper legs,dumbbell,dumbbell contralateral forward lunge,legs
upper arms,dumbbell,dumbbell cross body hammer curl,arms
upper arms,dumbbell,dumbbell cross body hammer curl v. 2,arms
shoulders,dumbbell,dumbbell cuban press,shoulders
shoulders,dumbbell,dumbbell cuban press v. 2,shoulders
upper legs,dumbbell,dumbbell deadlift,legs
chest,dumbbell,dumbbell decline bench press,chest
chest,dumbbell,dumbbell decline fly,chest
chest,dumbbell,dumbbell decline hammer press,chest
chest,dumbbell,dumbbell decline one arm fly,chest
upper arms,dumbbell,dumbbell decline one arm hammer press,arms
back,dumbbell,dumbbell decline shrug,back
back,dumbbell,dumbbell decline shrug v. 2,back
upper arms,dumbbell,dumbbell decline triceps extension,arms
chest,dumbbell,dumbbell decline twist fly,chest
lower arms,dumbbell,dumbbell finger curls,arms
chest,dumbbell,dumbbell fly,chest
chest,dumbbell,dumbbell fly on exercise ball,chest
upper arms,dumbbell,dumbbell forward lunge triceps extension,arms
shoulders,dumbbell,dumbbell front raise,shoulders
shoulders,dumbbell,dumbbell front raise v. 2,shoulders
shoulders,dumbbell,dumbbell full can lateral raise,shoulders
upper legs,dumbbell,dumbbell goblet squat,legs
upper arms,dumbbell,dumbbell hammer curl,arms
upper arms,dumbbell,dumbbell hammer curl on exercise ball,arms
upper arms,dumbbell,dumbbell hammer curl v. 2,arms
upper arms,dumbbell,dumbbell hammer curls (with arm blaster),arms
upper arms,dumbbell,dumbbell high curl,arms
chest,dumbbell,dumbbell incline alternate press,chest
chest,dumbbell,dumbbell incline bench press,chest
upper arms,dumbbell,dumbbell incline biceps curl,arms
chest,dumbbell,dumbbell incline breeding,chest
upper arms,dumbbell,dumbbell incline curl,arms
upper arms,dumbbell,dumbbell incline curl v. 2,arms
chest,dumbbell,dumbbell incline fly,chest
chest,dumbbell,dumbbell incline fly on exercise ball,chest
upper arms,dumbbell,dumbbell incline hammer curl,arms
chest,dumbbell,dumbbell incline hammer press,chest
upper arms,dumbbell,dumbbell incline hammer press on exercise ball,arms
upper arms,dumbbell,dumbbell incline inner biceps curl,arms
chest,dumbbell,dumbbell incline one arm fly,chest
chest,dumbbell,dumbbell incline one arm fly on exercise ball,chest
upper arms,dumbbell,dumbbell incline one arm hammer press,arms
upper arms,dumbbell,dumbbell incline one arm hammer press on exercise ball,arms
shoulders,dumbbell,dumbbell incline one arm lateral raise,shoulders
chest,dumbbell,dumbbell incline one arm press,chest
chest,dumbbell,dumbbell incline one arm press on exercise ball,chest
chest,dumbbell,dumbbell incline palm-in press,chest
chest,dumbbell,dumbbell incline press on exercise ball,chest
shoulders,dumbbell,dumbbell incline raise,shoulders
shoulders,dumbbell,dumbbell incline rear lateral raise,shoulders
back,dumbbell,dumbbell incline row,back
chest,dumbbell,dumbbell incline shoulder raise,back
back,dumbbell,dumbbell incline shrug,back
shoulders,dumbbell,dumbbell incline t-raise,shoulders
upper arms,dumbbell,dumbbell incline triceps extension,arms
chest,dumbbell,dumbbell incline twisted flyes,chest
upper arms,dumbbell,dumbbell incline two arm extension,arms
back,dumbbell,dumbbell incline y-raise,back
shoulders,dumbbell,dumbbell iron cross,shoulders
upper arms,dumbbell,dumbbell kickback,arms
upper arms,dumbbell,dumbbell kickbacks on exercise ball,arms
upper arms,dumbbell,dumbbell kneeling bicep curl exercise ball,arms
shoulders,dumbbell,dumbbell lateral raise,shoulders
shoulders,dumbbell,dumbbell lateral to front raise,shoulders
upper legs,dumbbell,dumbbell lunge,legs
upper arms,dumbbell,dumbbell lunge with bicep curl,arms
upper arms,dumbbell,dumbbell lying  extension (across face),arms
upper arms,dumbbell,dumbbell lying alternate extension,arms
upper arms,dumbbell,dumbbell lying elbow press,arms
shoulders,dumbbell,dumbbell lying external shoulder rotation,shoulders
upper legs,dumbbell,dumbbell lying femoral,legs
chest,dumbbell,dumbbell lying hammer press,chest
shoulders,dumbbell,dumbbell lying on floor rear delt raise,shoulders
shoulders,dumbbell,dumbbell lying one arm deltoid rear,shoulders
chest,dumbbell,dumbbell lying one arm press,chest
chest,dumbbell,dumbbell lying one arm press v. 2,chest
upper arms,dumbbell,dumbbell lying one arm pronated triceps extension,arms
shoulders,dumbbell,dumbbell lying one arm rear lateral raise,shoulders
upper arms,dumbbell,dumbbell lying one arm supinated triceps extension,arms
lower arms,dumbbell,dumbbell lying pronation,arms
lower arms,dumbbell,dumbbell lying pronation on floor,arms
chest,dumbbell,dumbbell lying pullover on exercise ball,chest
back,dumbbell,dumbbell lying rear delt row,back
shoulders,dumbbell,dumbbell lying rear lateral raise,shoulders
upper arms,dumbbell,dumbbell lying single extension,arms
lower arms,dumbbell,dumbbell lying supination,arms
lower arms,dumbbell,dumbbell lying supination on floor,arms
upper arms,dumbbell,dumbbell lying supine biceps curl,arms
upper arms,dumbbell,dumbbell lying supine curl,arms
upper arms,dumbbell,dumbbell lying triceps extension,arms
upper arms,dumbbell,dumbbell lying wide curl,arms
upper arms,dumbbell,dumbbell neutral grip bench press,arms
chest,dumbbell,dumbbell one arm bench fly,chest
back,dumbbell,dumbbell one arm bent-over row,back
chest,dumbbell,dumbbell one arm chest fly on exercise ball,chest
upper arms,dumbbell,dumbbell one arm concetration curl (on stability ball),arms
chest,dumbbell,dumbbell one arm decline chest press,chest
chest,dumbbell,dumbbell one arm fly on exercise ball,chest
upper arms,dumbbell,dumbbell one arm french press on exercise ball,arms
upper arms,dumbbell,dumbbell one arm hammer preacher curl,arms
upper arms,dumbbell,dumbbell one arm hammer press on exercise ball,arms
chest,dumbbell,dumbbell one arm incline chest press,chest
upper arms,dumbbell,dumbbell one arm kickback,arms
shoulders,dumbbell,dumbbell one arm lateral raise,shoulders
shoulders,dumbbell,dumbbell one arm lateral raise with support,shoulders
chest,dumbbell,dumbbell one arm press on exercise ball,chest
upper arms,dumbbell,dumbbell one arm prone curl,arms
upper arms,dumbbell,dumbbell one arm prone hammer curl,arms
chest,dumbbell,dumbbell one arm pullover on exercise ball,chest
lower arms,dumbbell,dumbbell one arm revers wrist curl,arms
shoulders,dumbbell,dumbbell one arm reverse fly (with support),shoulders
chest,dumbbell,dumbbell one arm reverse grip press,chest
upper arms,dumbbell,dumbbell one arm reverse preacher curl,arms
upper arms,dumbbell,dumbbell one arm reverse spider curl,arms
upper arms,dumbbell,dumbbell one arm seated bicep curl on exercise ball,arms
upper arms,dumbbell,dumbbell one arm seated hammer curl,arms
lower arms,dumbbell,dumbbell one arm seated neutral wrist curl,arms
shoulders,dumbbell,dumbbell one arm shoulder press,shoulders
shoulders,dumbbell,dumbbell one arm shoulder press v. 2,shoulders
upper legs,dumbbell,dumbbell one arm snatch,legs
upper arms,dumbbell,dumbbell one arm standing curl,arms
upper arms,dumbbell,dumbbell one arm standing hammer curl,arms
upper arms,dumbbell,dumbbell one arm triceps extension (on bench),arms
shoulders,dumbbell,dumbbell one arm upright row,shoulders
lower arms,dumbbell,dumbbell one arm wrist curl,arms
upper arms,dumbbell,dumbbell one arm zottman preacher curl,arms
chest,dumbbell,dumbbell one leg fly on exercise ball,chest
upper arms,dumbbell,dumbbell over bench neutral wrist curl,arms
upper arms,dumbbell,dumbbell over bench one arm  neutral wrist curl,arms
lower arms,dumbbell,dumbbell over bench one arm reverse wrist curl,arms
lower arms,dumbbell,dumbbell over bench one arm wrist curl,arms
lower arms,dumbbell,dumbbell over bench revers wrist curl,arms
lower arms,dumbbell,dumbbell over bench wrist curl,arms
back,dumbbell,dumbbell palm rotational bent over row,back
upper arms,dumbbell,dumbbell palms in incline bench press,arms
upper arms,dumbbell,dumbbell peacher hammer curl,arms
upper legs,dumbbell,dumbbell plyo squat,legs
upper arms,dumbbell,dumbbell preacher curl,arms
upper arms,dumbbell,dumbbell preacher curl over exercise ball,arms
chest,dumbbell,dumbbell press on exercise ball,chest
upper arms,dumbbell,dumbbell pronate-grip triceps extension,arms
upper arms,dumbbell,dumbbell prone incline curl,arms
upper arms,dumbbell,dumbbell prone incline hammer curl,arms
chest,dumbbell,dumbbell pullover,chest
chest,dumbbell,dumbbell pullover hip extension on exercise ball,chest
chest,dumbbell,dumbbell pullover on exercise ball,chest
shoulders,dumbbell,dumbbell push press,shoulders
shoulders,dumbbell,dumbbell raise,shoulders
shoulders,dumbbell,dumbbell rear delt raise,shoulders
shoulders,dumbbell,dumbbell rear delt row_shoulder,shoulders
shoulders,dumbbell,dumbbell rear fly,shoulders
shoulders,dumbbell,dumbbell rear lateral raise,shoulders
shoulders,dumbbell,dumbbell rear lateral raise (support head),shoulders
upper legs,dumbbell,dumbbell rear lunge,legs
upper arms,dumbbell,dumbbell revers grip biceps curl,arms
chest,dumbbell,dumbbell reverse bench press,chest
shoulders,dumbbell,dumbbell reverse fly,shoulders
back,dumbbell,dumbbell reverse grip incline bench one arm row,back
back,dumbbell,dumbbell reverse grip incline bench two arm row,back
back,dumbbell,dumbbell reverse grip row (female),back
upper arms,dumbbell,dumbbell reverse preacher curl,arms
upper arms,dumbbell,dumbbell reverse spider curl,arms
lower arms,dumbbell,dumbbell reverse wrist curl,arms
upper legs,dumbbell,dumbbell romanian deadlift,legs
shoulders,dumbbell,dumbbell rotation reverse fly,shoulders
shoulders,dumbbell,dumbbell scott press,shoulders
shoulders,dumbbell,dumbbell seated alternate front raise,shoulders
upper arms,dumbbell,dumbbell seated alternate hammer curl on exercise ball,arms
shoulders,dumbbell,dumbbell seated alternate press,shoulders
shoulders,dumbbell,dumbbell seated alternate shoulder,shoulders
upper arms,dumbbell,dumbbell seated bench extension,arms
shoulders,dumbbell,dumbbell seated bent arm lateral raise,shoulders
upper arms,dumbbell,dumbbell seated bent over alternate kickback,arms
upper arms,dumbbell,dumbbell seated bent over triceps extension,arms
upper arms,dumbbell,dumbbell seated bicep curl,arms
upper arms,dumbbell,dumbbell seated biceps curl (on stability ball),arms
upper arms,dumbbell,dumbbell seated biceps curl to shoulder press,arms
lower legs,dumbbell,dumbbell seated calf raise,legs
upper arms,dumbbell,dumbbell seated curl,arms
shoulders,dumbbell,dumbbell seated front raise,shoulders
upper arms,dumbbell,dumbbell seated hammer curl,arms
upper arms,dumbbell,dumbbell seated inner biceps curl,arms
upper arms,dumbbell,dumbbell seated kickback,arms
shoulders,dumbbell,dumbbell seated lateral raise,shoulders
shoulders,dumbbell,dumbbell seated lateral raise v. 2,shoulders
upper arms,dumbbell,dumbbell seated neutral wrist curl,arms
upper arms,dumbbell,dumbbell seated one arm bicep curl on exercise ball with leg raised,arms
upper arms,dumbbell,dumbbell seated one arm kickback,arms
lower arms,dumbbell,dumbbell seated one arm rotate,arms
lower legs,dumbbell,dumbbell seated one leg calf raise,legs
lower legs,dumbbell,dumbbell seated one leg calf raise - hammer grip,legs
lower legs,dumbbell,dumbbell seated one leg calf raise - palm up,legs
lower arms,dumbbell,dumbbell seated palms up wrist curl,arms
upper arms,dumbbell,dumbbell seated preacher curl,arms
upper arms,dumbbell,dumbbell seated revers grip concentration curl,arms
upper arms,dumbbell,dumbbell seated reverse grip one arm overhead tricep extension,arms
shoulders,dumbbell,dumbbell seated shoulder press,shoulders
shoulders,dumbbell,dumbbell seated shoulder press (parallel grip),shoulders
upper arms,dumbbell,dumbbell seated triceps extension,arms
back,dumbbell,dumbbell shrug,back
waist,dumbbell,dumbbell side bend,abs
shoulders,dumbbell,dumbbell side lying one hand raise,shoulders
back,dumbbell,dumbbell side plank with rear fly,back
shoulders,dumbbell,dumbbell single arm overhead carry,shoulders
lower legs,dumbbell,dumbbell single leg calf raise,legs
upper legs,dumbbell,dumbbell single leg deadlift,legs
upper legs,dumbbell,dumbbell single leg deadlift with stepbox support,legs
upper legs,dumbbell,dumbbell single leg split squat,legs
upper legs,dumbbell,dumbbell single leg squat,legs
upper legs,dumbbell,dumbbell squat,legs
upper arms,dumbbell,dumbbell standing alternate hammer curl and press,arms
shoulders,dumbbell,dumbbell standing alternate overhead press,shoulders
shoulders,dumbbell,dumbbell standing alternate raise,shoulders
upper arms,dumbbell,dumbbell standing alternating tricep kickback,arms
shoulders,dumbbell,dumbbell standing around world,shoulders
upper arms,dumbbell,dumbbell standing bent over one arm triceps extension,arms
upper arms,dumbbell,dumbbell standing bent over two arm triceps extension,arms
upper arms,dumbbell,dumbbell standing biceps curl,arms
lower legs,dumbbell,dumbbell standing calf raise,legs
upper arms,dumbbell,dumbbell standing concentration curl,arms
shoulders,dumbbell,dumbbell standing front raise above head,shoulders
upper arms,dumbbell,dumbbell standing inner biceps curl v. 2,arms
upper arms,dumbbell,dumbbell standing kickback,arms
upper arms,dumbbell,dumbbell standing one arm concentration curl,arms
upper arms,dumbbell,dumbbell standing one arm curl (over incline bench),arms
upper arms,dumbbell,dumbbell standing one arm curl over incline bench,arms
upper arms,dumbbell,dumbbell standing one arm extension,arms
shoulders,dumbbell,dumbbell standing one arm palm in press,shoulders
upper arms,dumbbell,dumbbell standing one arm reverse curl,arms
shoulders,dumbbell,dumbbell standing overhead press,shoulders
shoulders,dumbbell,dumbbell standing palms in press,shoulders
upper arms,dumbbell,dumbbell standing preacher curl,arms
upper arms,dumbbell,dumbbell standing reverse curl,arms
upper arms,dumbbell,dumbbell standing triceps extension,arms
upper arms,dumbbell,dumbbell standing zottman preacher curl,arms
upper arms,dumbbell,dumbbell step up single leg balance with bicep curl,arms
upper legs,dumbbell,dumbbell step-up,legs
upper legs,dumbbell,dumbbell step-up lunge,legs
upper legs,dumbbell,dumbbell step-up split squat,legs
upper legs,dumbbell,dumbbell stiff leg deadlift,legs
chest,dumbbell,dumbbell straight arm pullover,chest
upper legs,dumbbell,dumbbell straight leg deadlift,legs
upper legs,dumbbell,dumbbell sumo pull through,legs
upper legs,dumbbell,dumbbell supported squat,legs
upper arms,dumbbell,dumbbell tate press,arms
upper arms,dumbbell,dumbbell tricep kickback with stork stance,arms
upper arms,dumbbell,dumbbell twisting bench press,arms
shoulders,dumbbell,dumbbell upright row,shoulders
shoulders,dumbbell,dumbbell upright row (back pov),shoulders
shoulders,dumbbell,dumbbell upright shoulder external rotation,shoulders
upper arms,dumbbell,dumbbell waiter biceps curl,arms
shoulders,dumbbell,dumbbell w-press,shoulders
upper arms,dumbbell,dumbbell zottman curl,arms
upper arms,dumbbell,dumbbell zottman preacher curl,arms
upper arms,dumbbell,dumbbells seated triceps extension,arms
chest,body weight,dynamic chest stretch (male),chest
upper arms,body weight,elbow dips,arms
back,body weight,elbow lift - reverse push-up,back
waist,body weight,elbow-to-knee,abs
back,body weight,elevator,back
back,stability ball,exercise ball alternating arm ups,back
back,stability ball,exercise ball back extension with arms extended,back
back,stability ball,exercise ball back extension with hands behind head,back
back,stability ball,exercise ball back extension with knees off ground,back
back,stability ball,exercise ball back extension with rotation,back
upper arms,stability ball,exercise ball dip,arms
upper legs,stability ball,exercise ball hip flexor stretch,legs
back,stability ball,exercise ball hug,back
back,stability ball,exercise ball lat stretch,back
back,stability ball,exercise ball lower back stretch (pyramid),back
back,stability ball,exercise ball lying side lat stretch,back
lower legs,dumbbell,exercise ball on the wall calf raise,legs
lower legs,dumbbell,exercise ball on the wall calf raise (tennis ball between ankles),legs
lower legs,dumbbell,exercise ball on the wall calf raise (tennis ball between knees),legs
upper legs,stability ball,exercise ball one leg prone lower body rotation,legs
upper legs,stability ball,exercise ball one legged diagonal kick hamstring curl,legs
chest,stability ball,exercise ball pike push up,chest
back,stability ball,exercise ball prone leg raise,back
upper legs,stability ball,exercise ball seated hamstring stretch,legs
upper arms,stability ball,exercise ball seated triceps stretch,arms
upper arms,dumbbell,exercise ball supine triceps extension,arms
upper arms,ez barbell,ez bar french press on exercise ball,arms
back,ez barbell,ez bar lying bent arms pullover,back
upper arms,ez barbell,ez bar lying close grip triceps extension behind head,arms
back,ez barbell,ez bar reverse grip bent over row,back
upper arms,ez barbell,ez bar seated close grip concentration curl,arms
upper arms,ez barbell,ez bar standing french press,arms
shoulders,ez barbell,ez barbell anti gravity press,shoulders
upper arms,ez barbell,ez barbell close grip preacher curl,arms
upper arms,ez barbell,ez barbell close-grip curl,arms
upper arms,ez barbell,ez barbell curl,arms
upper arms,ez barbell,ez barbell decline close grip face press,arms
upper arms,ez barbell,ez barbell decline triceps extension,arms
upper arms,ez barbell,ez barbell incline triceps extension,arms
upper arms,ez barbell,ez barbell jm bench press,arms
upper arms,ez barbell,ez barbell reverse grip curl,arms
upper arms,ez barbell,ez barbell reverse grip preacher curl,arms
upper arms,ez barbell,ez barbell seated curls,arms
upper arms,ez barbell,ez barbell seated triceps extension,arms
upper arms,ez barbell,ez barbell spider curl,arms
upper arms,ez barbell,ez barbell spider curl,arms
upper arms,ez barbell,ez-bar biceps curl (with arm blaster),arms
upper arms,ez barbell,ez-bar close-grip bench press,arms
upper arms,ez barbell,ez-barbell standing wide grip biceps curl,arms
upper legs,dumbbell,farmers walk,legs
lower arms,barbell,finger curls,arms
waist,body weight,flag,abs
waist,body weight,flexion leg sit up (bent knee),abs
waist,body weight,flexion leg sit up (straight arm),abs
chest,barbell,floor fly (with barbell),chest
upper legs,body weight,flutter kicks,legs
upper legs,body weight,forward jump,legs
upper legs,body weight,forward lunge (male),legs
upper legs,barbell,frankenstein squat,legs
waist,body weight,frog crunch,abs
waist,body weight,frog planche,abs
waist,body weight,front lever,abs
back,body weight,front lever reps,back
waist,body weight,front plank with twist,abs
waist,body weight,full maltese,abs
waist,body weight,full planche,abs
chest,body weight,full planche push-up,chest
back,body weight,gironda sternum chin,back
upper legs,body weight,glute bridge march,legs
upper legs,body weight,glute bridge two legs on bench (male),legs
upper legs,body weight,glute-ham raise,legs
waist,body weight,gorilla chin,abs
waist,body weight,groin crunch,abs
lower legs,sled machine,hack calf raise,legs
lower legs,sled machine,hack one leg calf raise,legs
cardio,body weight,half knee bends (male),cardio
waist,body weight,half sit-up (male),abs
upper legs,body weight,hamstring stretch,legs
chest,upper body ergometer,hands bike,chest
upper legs,body weight,hands clasped circular toe touch (male),legs
upper legs,body weight,hands reversed clasped circular toe touch (male),legs
upper arms,body weight,handstand,arms
upper arms,body weight,handstand push-up,arms
waist,body weight,hanging leg hip raise,abs
waist,body weight,hanging leg raise,abs
waist,body weight,hanging oblique knee raise,abs
waist,body weight,hanging pike,abs
waist,body weight,hanging straight leg hip raise,abs
waist,body weight,hanging straight leg raise,abs
waist,body weight,hanging straight twisting leg hip raise,abs
cardio,body weight,high knee against wall,cardio
waist,body weight,hip raise (bent knee),abs
upper legs,body weight,hug keens to chest,legs
chest,dumbbell,hyght dumbbell fly,chest
back,body weight,hyperextension,back
back,body weight,hyperextension (on bench),back
upper arms,body weight,impossible dips,arms
waist,body weight,inchworm,abs
waist,body weight,inchworm v. 2,abs
upper arms,body weight,incline close-grip push-up,arms
waist,body weight,incline leg hip raise (leg straight),abs
chest,body weight,incline push up depth jump,chest
chest,body weight,incline push-up,chest
chest,body weight,incline push-up (on box),chest
chest,body weight,incline reverse grip push-up,chest
chest,body weight,incline scapula push up,back
waist,body weight,incline twisting sit-up,abs
upper legs,rope,intermediate hip flexor and quad stretch,legs
upper legs,body weight,inverse leg curl (bench support),legs
upper legs,body weight,inverse leg curl (on pull-up cable machine),legs
back,body weight,inverted row,back
back,body weight,inverted row bent knees,back
back,body weight,inverted row on bench,back
back,body weight,inverted row v. 2,back
back,body weight,inverted row with straps,back
upper legs,body weight,iron cross stretch,legs
chest,body weight,isometric chest squeeze,chest
chest,body weight,isometric wipers,chest
cardio,body weight,jack burpee,cardio
cardio,body weight,jack jump (male),cardio
waist,body weight,jackknife sit-up,abs
waist,body weight,janda sit-up,abs
cardio,rope,jump rope,cardio
upper legs,body weight,jump squat,legs
upper legs,body weight,jump squat v. 2,legs
waist,kettlebell,kettlebell advanced windmill,abs
lower arms,kettlebell,kettlebell alternating hang clean,arms
shoulders,kettlebell,kettlebell alternating press,shoulders
chest,kettlebell,kettlebell alternating press on floor,chest
back,kettlebell,kettlebell alternating renegade row,back
back,kettlebell,kettlebell alternating row,back
shoulders,kettlebell,kettlebell arnold press,shoulders
waist,kettlebell,kettlebell bent press,abs
upper arms,kettlebell,kettlebell bottoms up clean from the hang position,arms
upper arms,kettlebell,kettlebell double alternating hang clean,arms
shoulders,kettlebell,kettlebell double jerk,shoulders
shoulders,kettlebell,kettlebell double push press,shoulders
shoulders,kettlebell,kettlebell double snatch,shoulders
waist,kettlebell,kettlebell double windmill,abs
chest,kettlebell,kettlebell extended range one arm press on floor,chest
waist,kettlebell,kettlebell figure 8,abs
upper legs,kettlebell,kettlebell front squat,legs
upper legs,kettlebell,kettlebell goblet squat,legs
upper legs,kettlebell,kettlebell hang clean,legs
upper legs,kettlebell,kettlebell lunge pass through,legs
shoulders,kettlebell,kettlebell one arm clean and jerk,shoulders
chest,kettlebell,kettlebell one arm floor press,chest
shoulders,kettlebell,kettlebell one arm jerk,shoulders
shoulders,kettlebell,kettlebell one arm military press to the side,shoulders
shoulders,kettlebell,kettlebell one arm push press,shoulders
back,kettlebell,kettlebell one arm row,back
shoulders,kettlebell,kettlebell one arm snatch,shoulders
shoulders,kettlebell,kettlebell pirate supper legs,shoulders
upper legs,kettlebell,kettlebell pistol squat,legs
chest,kettlebell,kettlebell plyo push-up,chest
shoulders,kettlebell,kettlebell seated press,shoulders
shoulders,kettlebell,kettlebell seated two arm military press,shoulders
shoulders,kettlebell,kettlebell seesaw press,shoulders
back,kettlebell,kettlebell sumo high pull,back
upper legs,kettlebell,kettlebell swing,legs
shoulders,kettlebell,kettlebell thruster,shoulders
upper legs,kettlebell,kettlebell turkish get up (squat style),legs
shoulders,kettlebell,kettlebell two arm clean,shoulders
shoulders,kettlebell,kettlebell two arm military press,shoulders
back,kettlebell,kettlebell two arm row,back
waist,kettlebell,kettlebell windmill,abs
upper legs,body weight,kick out sit,legs
back,body weight,kipping muscle up,back
waist,body weight,knee touch crunch,abs
upper legs,barbell,kneeling jump squat,legs
back,body weight,kneeling lat stretch,back
waist,body weight,kneeling plank tap shoulder (male),abs
chest,body weight,kneeling push-up (male),chest
chest,body weight,korean dips,chest
back,body weight,l-pull-up,back
waist,body weight,l-sit on floor,abs
waist,barbell,landmine 180,abs
shoulders,barbell,landmine lateral raise,shoulders
waist,body weight,lean planche,abs
shoulders,body weight,left hook. boxing,shoulders
waist,body weight,leg pull in flat bench,abs
upper legs,body weight,leg up hamstring stretch,legs
upper legs,leverage machine,lever alternate leg press ,legs
back,leverage machine,lever alternating narrow grip seated row ,back
back,leverage machine,lever assisted chin-up,back
back,leverage machine,lever back extension,back
back,barbell,lever bent over row ,back
back,leverage machine,lever bent-over row with v-bar ,back
upper arms,leverage machine,lever bicep curl,arms
lower legs,leverage machine,lever calf press ,legs
chest,leverage machine,lever chest press,chest
chest,leverage machine,lever chest press ,chest
chest,leverage machine,lever chest press v. 2,chest
upper legs,leverage machine,lever deadlift ,legs
chest,leverage machine,lever decline chest press,chest
lower legs,leverage machine,lever donkey calf raise,legs
back,leverage machine,lever front pulldown,back
back,leverage machine,lever gripless shrug,back
back,leverage machine,lever gripless shrug v. 2,back
lower arms,leverage machine,lever gripper hands ,arms
upper arms,leverage machine,lever hammer grip preacher curl,arms
back,leverage machine,lever high row ,back
upper legs,leverage machine,lever hip extension v. 2,legs
upper legs,leverage machine,lever horizontal one leg press,legs
chest,leverage machine,lever incline chest press,chest
chest,leverage machine,lever incline chest press v. 2,chest
upper legs,leverage machine,lever kneeling leg curl ,legs
waist,leverage machine,lever kneeling twist,abs
shoulders,leverage machine,lever lateral raise,shoulders
upper legs,leverage machine,lever leg extension,legs
upper legs,leverage machine,lever lying leg curl,legs
upper legs,leverage machine,lever lying two-one leg curl,legs
shoulders,leverage machine,lever military press ,shoulders
back,leverage machine,lever narrow grip seated row ,back
back,barbell,lever one arm bent over row ,back
back,leverage machine,lever one arm lateral high row,back
back,leverage machine,lever one arm lateral wide pulldown ,back
shoulders,leverage machine,lever one arm shoulder press ,shoulders
upper arms,leverage machine,lever overhand triceps dip,arms
upper arms,leverage machine,lever preacher curl,arms
upper arms,leverage machine,lever preacher curl v. 2,arms
back,leverage machine,lever pullover ,back
back,leverage machine,lever reverse grip lateral pulldown ,back
upper arms,leverage machine,lever reverse grip preacher curl,arms
back,leverage machine,lever reverse grip vertical row,back
upper legs,leverage machine,lever reverse hyperextension ,legs
back,leverage machine,lever reverse t-bar row,back
lower legs,leverage machine,lever rotary calf,legs
lower legs,leverage machine,lever seated calf press,legs
lower legs,leverage machine,lever seated calf raise ,legs
waist,leverage machine,lever seated crunch,abs
waist,leverage machine,lever seated crunch (chest pad),abs
waist,leverage machine,lever seated crunch v. 2,abs
upper arms,leverage machine,lever seated dip,arms
chest,leverage machine,lever seated fly,chest
upper legs,leverage machine,lever seated good morning,legs
upper legs,leverage machine,lever seated hip abduction,legs
upper legs,leverage machine,lever seated hip adduction,legs
upper legs,leverage machine,lever seated leg curl,legs
waist,leverage machine,lever seated leg raise crunch ,abs
shoulders,leverage machine,lever seated reverse fly,shoulders
shoulders,leverage machine,lever seated reverse fly (parallel grip),shoulders
back,leverage machine,lever seated row,back
shoulders,leverage machine,lever seated shoulder press,shoulders
lower legs,leverage machine,lever seated squat calf raise on leg press machine,legs
waist,leverage machine,lever seated twist,abs
shoulders,leverage machine,lever shoulder press ,shoulders
shoulders,leverage machine,lever shoulder press  v. 2,shoulders
shoulders,leverage machine,lever shoulder press  v. 3,shoulders
back,leverage machine,lever shrug ,back
lower legs,leverage machine,lever standing calf raise,legs
chest,leverage machine,lever standing chest press,chest
back,leverage machine,lever t bar row ,back
back,leverage machine,lever t-bar reverse grip row,back
upper arms,leverage machine,lever triceps extension,arms
back,leverage machine,lever unilateral row,back
back,rope,london bridge,back
upper legs,body weight,low glute bridge on floor,legs
back,body weight,lower back curl,back
upper legs,body weight,lunge with jump,legs
waist,body weight,lunge with twist,abs
upper legs,body weight,lying (side) quads stretch,legs
waist,body weight,lying elbow to knee,abs
waist,body weight,lying leg raise flat bench,abs
waist,body weight,lying leg-hip raise,abs
chest,leverage machine,machine inner chest press,chest
upper legs,body weight,march sit (wall),legs
back,medicine ball,medicine ball catch and overhead throw,back
chest,medicine ball,medicine ball chest pass,chest
chest,medicine ball,medicine ball chest push from 3 point stance,chest
chest,medicine ball,medicine ball chest push multiple response,chest
chest,medicine ball,medicine ball chest push single response,chest
chest,medicine ball,medicine ball chest push with run release,chest
upper arms,medicine ball,medicine ball close grip push up,arms
back,medicine ball,medicine ball overhead slam,back
upper arms,medicine ball,medicine ball supine chest throw,arms
back,body weight,mixed grip chin-up,back
chest,body weight,modified hindu push-up (male),chest
lower arms,body weight,modified push up to lower arms,arms
upper legs,body weight,monster walk,legs
cardio,body weight,mountain climber,cardio
back,body weight,muscle up,back
back,body weight,muscle-up (on vertical bar),back
upper arms,stability ball,narrow push-up on exercise ball,arms
waist,body weight,negative crunch,abs
waist,body weight,oblique crunch v. 2,abs
waist,body weight,oblique crunches floor,abs
upper arms,olympic barbell,olympic barbell hammer curl,arms
upper arms,olympic barbell,olympic barbell triceps extension,arms
back,body weight,one arm against wall,back
back,body weight,one arm chin-up,back
upper arms,body weight,one arm dip,arms
waist,medicine ball,one arm slam (with medicine ball),abs
back,body weight,one arm towel row,back
lower legs,body weight,one leg donkey calf raise,legs
lower legs,body weight,one leg floor calf raise,legs
upper legs,body weight,one leg squat,legs
waist,weighted,otis up,abs
upper legs,body weight,outside leg kick push-up,legs
upper arms,body weight,overhead triceps stretch,arms
waist,body weight,pelvic tilt,abs
upper legs,body weight,pelvic tilt into bridge,legs
lower legs,rope,peroneals stretch,legs
upper legs,body weight,pike-to-cobra push-up,legs
chest,body weight,plyo push up,chest
waist,body weight,posterior step to overhead reach,abs
lower legs,rope,posterior tibialis stretch,legs
waist,body weight,potty squat,abs
upper legs,body weight,potty squat with support,legs
upper legs,barbell,power clean,legs
waist,body weight,power point plank,abs
waist,body weight,prisoner half sit-up (male),abs
waist,stability ball,prone twist on stability ball,abs
back,body weight,pull up (neutral grip),back
waist,stability ball,pull-in (on stability ball),abs
back,body weight,pull-up,back
chest,body weight,push and pull bodyweight,chest
cardio,body weight,push to run,cardio
chest,bosu ball,push up on bosu ball,chest
chest,body weight,push-up,chest
chest,bosu ball,push-up (bosu ball),chest
chest,stability ball,push-up (on stability ball),chest
chest,stability ball,push-up (on stability ball),chest
chest,body weight,push-up (wall),chest
chest,body weight,push-up (wall) v. 2,chest
upper arms,dumbbell,push-up close-grip off dumbbell,arms
upper legs,body weight,push-up inside leg kick,legs
chest,medicine ball,push-up medicine ball,chest
upper arms,body weight,push-up on lower arms,arms
chest,body weight,push-up plus,chest
waist,body weight,push-up to side plank,abs
upper legs,body weight,quads,legs
waist,body weight,quarter sit-up,abs
upper legs,body weight,quick feet v. 2,legs
chest,body weight,raise single arm push-up,chest
upper legs,body weight,rear decline bridge,legs
shoulders,body weight,rear deltoid stretch,shoulders
back,body weight,rear pull-up,back
upper legs,rope,reclining big toe pose with rope,legs
upper legs,resistance band,resistance band hip thrusts on knees (female),legs
upper legs,resistance band,resistance band leg extension,legs
upper arms,resistance band,resistance band seated biceps curl,arms
chest,resistance band,resistance band seated chest press,chest
upper legs,resistance band,resistance band seated hip abduction,legs
shoulders,resistance band,resistance band seated shoulder press,shoulders
back,resistance band,resistance band seated straight back row,back
waist,body weight,reverse crunch,abs
upper arms,body weight,reverse dip,arms
back,leverage machine,reverse grip machine lat pulldown,back
back,body weight,reverse grip pull-up,back
upper legs,stability ball,reverse hyper extension (on stability ball),legs
upper legs,body weight,reverse hyper on flat bench,legs
waist,body weight,reverse plank with leg lift,abs
upper arms,body weight,ring dips,arms
upper legs,body weight,rocking frog stretch,legs
back,body weight,rocky pull-up pulldown,back
back,roller,roller back stretch,back
waist,roller,roller body saw,abs
upper legs,roller,roller hip lat stretch,legs
upper legs,roller,roller hip stretch,legs
waist,roller,roller reverse crunch,abs
chest,roller,roller seated shoulder flexor depresor retractor,chest
chest,roller,roller seated single leg shoulder flexor depresor retractor,chest
back,roller,roller side lat stretch,back
back,rope,rope climb,back
cardio,body weight,run,cardio
cardio,body weight,run (equipment),cardio
upper legs,body weight,runners stretch,legs
waist,body weight,russian twist,abs
back,body weight,scapula dips,back
chest,body weight,scapula push-up,back
back,body weight,scapular pull-up,back
cardio,body weight,scissor jumps (male),cardio
lower legs,body weight,seated calf stretch (male),legs
upper legs,body weight,seated glute stretch,legs
waist,body weight,seated leg raise,abs
back,body weight,seated lower back stretch,back
upper legs,body weight,seated piriformis stretch,legs
waist,body weight,seated side crunch (wall),abs
upper legs,body weight,seated wide angle pose sequence,legs
upper legs,body weight,self assisted inverse leg curl,legs
upper legs,body weight,self assisted inverse leg curl,legs
upper legs,body weight,self assisted inverse leg curl (on floor),legs
cardio,body weight,semi squat jump (male),cardio
cardio,body weight,short stride run,cardio
back,body weight,shoulder grip pull-up,back
waist,body weight,shoulder tap,abs
chest,body weight,shoulder tap push-up,chest
upper legs,body weight,side bridge hip abduction,legs
waist,body weight,side bridge v. 2,abs
waist,body weight,side hip (on parallel bars),abs
upper legs,body weight,side hip abduction,legs
back,body weight,side lying floor stretch,back
upper legs,body weight,side lying hip adduction (male),legs
upper legs,body weight,side plank hip adduction,legs
upper arms,body weight,side push-up,arms
lower arms,body weight,side wrist pull stretch,arms
back,body weight,side-to-side chin,back
waist,body weight,side-to-side toe touch (male),abs
chest,body weight,single arm push-up,chest
upper legs,body weight,single leg bridge with outstretched leg,legs
lower legs,dumbbell,single leg calf raise (on a dumbbell),legs
upper legs,body weight,single leg platform slide,legs
upper legs,body weight,single leg squat (pistol) male,legs
upper legs,body weight,sissy squat,legs
waist,body weight,sit-up v. 2,abs
waist,body weight,sit-up with arms on chest,abs
cardio,body weight,skater hops,cardio
upper arms,skierg machine,ski ergometer,arms
cardio,body weight,ski step,cardio
back,body weight,skin the cat,back
upper legs,sled machine,sled 45 degrees one leg press,legs
lower legs,sled machine,sled 45 calf press,legs
upper legs,sled machine,sled 45 leg press,legs
upper legs,sled machine,sled 45 leg press (back pov),legs
upper legs,sled machine,sled 45 leg press (side pov),legs
upper legs,sled machine,sled 45 leg wide press,legs
lower legs,sled machine,sled calf press on leg press,legs
upper legs,sled machine,sled closer hack squat,legs
lower legs,sled machine,sled forward angled calf raise,legs
upper legs,sled machine,sled hack squat,legs
lower legs,sled machine,sled lying calf press,legs
upper legs,sled machine,sled lying squat,legs
lower legs,sled machine,sled one leg calf press on leg press,legs
waist,hammer,sledge hammer,abs
back,smith machine,smith back shrug,back
shoulders,smith machine,smith behind neck press,shoulders
chest,smith machine,smith bench press,chest
upper legs,smith machine,smith bent knee good morning,legs
back,smith machine,smith bent over row,back
upper legs,smith machine,smith chair squat,legs
upper arms,smith machine,smith close-grip bench press,arms
upper legs,smith machine,smith deadlift,legs
chest,smith machine,smith decline bench press,chest
chest,smith machine,smith decline reverse-grip press,chest
upper legs,smith machine,smith front squat (clean grip),legs
upper legs,smith machine,smith full squat,legs
upper legs,smith machine,smith hack squat,legs
waist,smith machine,smith hip raise,abs
chest,smith machine,smith incline bench press,chest
chest,smith machine,smith incline reverse-grip press,chest
chest,smith machine,smith incline shoulder raises,back
upper legs,smith machine,smith leg press,legs
upper legs,smith machine,smith low bar squat,legs
upper arms,smith machine,smith machine bicep curl,arms
upper arms,smith machine,smith machine decline close grip bench press,arms
upper arms,smith machine,smith machine incline tricep extension,arms
chest,smith machine,smith machine reverse decline close grip bench press,chest
back,smith machine,smith narrow row,back
back,smith machine,smith one arm row,back
lower legs,smith machine,smith one leg floor calf raise,legs
shoulders,smith machine,smith rear delt row,shoulders
lower legs,smith machine,smith reverse calf raises,legs
lower legs,smith machine,smith reverse calf raises,legs
back,smith machine,smith reverse grip bent over row,back
chest,smith machine,smith reverse-grip press,chest
lower legs,smith machine,smith seated one leg calf raise,legs
shoulders,smith machine,smith seated shoulder press,shoulders
lower arms,smith machine,smith seated wrist curl,arms
shoulders,smith machine,smith shoulder press,shoulders
back,smith machine,smith shrug,back
upper legs,smith machine,smith single leg split squat,legs
upper legs,smith machine,smith sprint lunge,legs
upper legs,smith machine,smith squat,legs
lower arms,smith machine,smith standing back wrist curl,arms
shoulders,smith machine,smith standing behind head military press,shoulders
lower legs,smith machine,smith standing leg calf raise,legs
shoulders,smith machine,smith standing military press,shoulders
upper legs,smith machine,smith sumo squat,legs
lower legs,smith machine,smith toe raise,legs
shoulders,smith machine,smith upright row,shoulders
chest,smith machine,smith wide grip bench press,chest
chest,smith machine,smith wide grip decline bench press,chest
upper legs,barbell,snatch pull,legs
waist,dumbbell,spell caster,abs
back,body weight,sphinx,back
upper legs,body weight,spider crawl push up,legs
back,body weight,spine stretch,back
waist,body weight,spine twist,abs
upper legs,body weight,split squats,legs
upper legs,barbell,squat jerk,legs
upper legs,bosu ball,squat on bosu ball,legs
upper legs,body weight,squat to overhead reach,legs
upper legs,body weight,squat to overhead reach with twist,legs
waist,stability ball,stability ball crunch (full range hands behind head),abs
upper arms,body weight,stalder press,arms
back,body weight,standing archer,back
shoulders,barbell,standing behind neck press,shoulders
lower legs,body weight,standing calf raise (on a staircase),legs
lower legs,body weight,standing calves,legs
lower legs,body weight,standing calves calf stretch,legs
upper legs,rope,standing hamstring and calf stretch with strap,legs
back,body weight,standing lateral stretch,back
back,body weight,standing pelvic tilt,back
upper legs,body weight,standing single leg curl,legs
waist,wheel roller,standing wheel rollerout,abs
cardio,body weight,star jump (male),cardio
cardio,stationary bike,stationary bike run v. 3,cardio
cardio,leverage machine,stationary bike walk,cardio
waist,body weight,straddle maltese,abs
waist,body weight,straddle planche,abs
upper legs,body weight,straight leg outer hip abductor,legs
chest,body weight,superman push-up,chest
waist,body weight,suspended abdominal fallout,abs
chest,body weight,suspended push-up,chest
waist,body weight,suspended reverse crunch,abs
back,body weight,suspended row,back
upper legs,body weight,suspended split squat,legs
upper legs,body weight,swimmer kicks v. 2 (male),legs
cardio,body weight,swing 360,cardio
upper arms,body weight,three bench dip,arms
upper legs,tire,tire flip,legs
upper legs,trap bar,trap bar deadlift,legs
upper arms,body weight,triceps dip,arms
upper arms,body weight,triceps dip (bench leg),arms
upper arms,body weight,triceps dip (between benches),arms
upper arms,body weight,triceps dips floor,arms
upper arms,body weight,triceps press,arms
upper arms,body weight,triceps stretch,arms
waist,body weight,tuck crunch,abs
back,cable,twin handle parallel grip lat pulldown,back
upper legs,body weight,twist hip lift,legs
waist,body weight,twisted leg raise,abs
waist,body weight,twisted leg raise (female),abs
back,body weight,two toe touch (male),back
back,body weight,upper back stretch,back
back,body weight,upward facing dog,back
waist,body weight,v-sit on floor,abs
waist,body weight,vertical leg raise (on parallel bars),abs
cardio,elliptical machine,walk elliptical cross trainer,cardio
cardio,body weight,walking high knees lunge,cardio
upper legs,body weight,walking lunge,legs
cardio,leverage machine,walking on incline treadmill,cardio
cardio,stepmill machine,walking on stepmill,cardio
upper arms,weighted,weighted bench dip,arms
back,weighted,weighted close grip chin-up on dip cage,back
upper legs,weighted,weighted cossack squats (male),legs
waist,weighted,weighted crunch,abs
waist,weighted,weighted decline sit-up,abs
lower legs,weighted,weighted donkey calf raise,legs
chest,weighted,weighted drop push up,chest
waist,weighted,weighted front plank,abs
shoulders,weighted,weighted front raise,shoulders
waist,weighted,weighted hanging leg-hip raise,abs
back,weighted,weighted hyperextension (on stability ball),back
shoulders,weighted,weighted kneeling step with swing,shoulders
upper legs,weighted,weighted lunge with swing,legs
back,weighted,weighted muscle up,back
back,weighted,weighted muscle up (on bar),back
back,weighted,weighted one hand pull up,back
waist,weighted,weighted overhead crunch (on stability ball),abs
back,weighted,weighted pull-up,back
shoulders,weighted,weighted round arm,shoulders
waist,weighted,weighted russian twist,abs
waist,weighted,weighted russian twist (legs up),abs
waist,weighted,weighted russian twist v. 2,abs
upper arms,medicine ball,weighted seated bicep curl  (on stability ball),arms
waist,weighted,weighted seated twist (on stability ball),abs
waist,weighted,weighted side bend (on stability ball),abs
upper legs,weighted,weighted sissy squat,legs
upper legs,weighted,weighted squat,legs
upper arms,weighted,weighted standing curl,arms
lower arms,weighted,weighted standing hand squeeze,arms
chest,weighted,weighted straight bar dip,chest
upper legs,weighted,weighted stretch lunge,legs
chest,weighted,weighted svend press,chest
upper arms,weighted,weighted three bench dips,arms
upper arms,weighted,weighted tricep dips,arms
upper arms,weighted,weighted triceps dip on high parallel bars,arms
waist,wheel roller,wheel rollerout,abs
cardio,body weight,wheel run,cardio
back,body weight,wide grip pull-up,back
back,body weight,wide grip rear pull-up,back
chest,body weight,wide hand push up,chest
chest,body weight,wide-grip chest dip on high parallel bars,chest
waist,body weight,wind sprints,abs
upper legs,body weight,world greatest stretch,legs
lower arms,body weight,wrist circles,arms
lower arms,weighted,wrist rollerer,arms